insert into Candidates (Id, first_name, last_name, agenda)
values (1, 'Aragorn', 'The first', 'Ranger of the North. Heir of Isildur'),
       (2, 'Gandalf', 'from Gandálfr', 'Wizard and the bearer of one of the Three Rings'),
       (3, 'Saruman', 'Wizard', 'Leader of the Istari'),
       (4, 'Gimli ', 'Fearless dwarf', 'Son of Glóin, a member of Thorin''s company'),
       (5, 'Legolas', 'Elf', 'Sindar Elf of the Woodland Realm and one of the nine members of the Fellowship');

insert into Voters
VALUES (32425608, 'ROHAN'),
       (64813381, 'RHUN'),
       (69940225, 'ROHAN'),
       (54743462, 'MORDOR'),
       (97925044, 'GONDOR'),
       (21525828, 'RHUN'),
       (65117415, 'GONDOR'),
       (70348017, 'RHUN'),
       (82308863, 'ROHAN'),
       (34669416, 'MORDOR'),
       (24271321, 'RHUN'),
       (31602143, 'MORDOR'),
       (96623286, 'GONDOR'),
       (19017574, 'MORDOR'),
       (52291722, 'MORDOR'),
       (89760088, 'GONDOR'),
       (51044834, 'GONDOR'),
       (98019124, 'ROHAN'),
       (46259661, 'ROHAN'),
       (42621452, 'MORDOR'),
       (32184822, 'ERIADOR'),
       (19139168, 'ERIADOR'),
       (22012953, 'GONDOR'),
       (78116380, 'GONDOR'),
       (69775345, 'ERIADOR'),
       (36906669, 'ROHAN'),
       (29555020, 'MORDOR'),
       (99506925, 'ROHAN'),
       (85300519, 'MORDOR'),
       (83102102, 'MORDOR'),
       (90210628, 'RHUN'),
       (61601512, 'MORDOR'),
       (58587786, 'ROHAN'),
       (88021864, 'ERIADOR'),
       (42952975, 'RHUN'),
       (84808967, 'GONDOR'),
       (96304250, 'ROHAN'),
       (89214220, 'MORDOR'),
       (45563920, 'ERIADOR'),
       (78150046, 'MORDOR'),
       (82495266, 'ERIADOR'),
       (95904607, 'ERIADOR'),
       (81151059, 'ERIADOR'),
       (56655328, 'ROHAN'),
       (84254012, 'MORDOR'),
       (72946184, 'RHUN'),
       (99232905, 'MORDOR'),
       (78444211, 'RHUN'),
       (46511053, 'RHUN'),
       (98542327, 'ROHAN'),
       (17716487, 'ROHAN'),
       (26017110, 'MORDOR'),
       (66901587, 'GONDOR'),
       (60815799, 'MORDOR'),
       (46592034, 'ROHAN'),
       (83239684, 'MORDOR'),
       (28086210, 'MORDOR'),
       (28764411, 'RHUN'),
       (95403806, 'ERIADOR'),
       (22611561, 'ERIADOR'),
       (35576932, 'ROHAN'),
       (34952565, 'MORDOR'),
       (59609375, 'ERIADOR'),
       (39494522, 'GONDOR'),
       (67418972, 'ROHAN'),
       (81580844, 'ERIADOR'),
       (67966568, 'MORDOR'),
       (85118270, 'GONDOR'),
       (58240014, 'GONDOR'),
       (37406092, 'ERIADOR'),
       (14969741, 'RHUN'),
       (72862404, 'GONDOR'),
       (39288099, 'GONDOR'),
       (55989235, 'RHUN'),
       (30684838, 'GONDOR'),
       (56116827, 'RHUN'),
       (74151197, 'MORDOR'),
       (38063815, 'ERIADOR'),
       (63361185, 'GONDOR'),
       (22099119, 'ROHAN'),
       (22359523, 'ROHAN'),
       (45224383, 'RHUN'),
       (53169683, 'ERIADOR'),
       (17613947, 'ROHAN'),
       (46119178, 'GONDOR'),
       (38301403, 'ERIADOR'),
       (59145924, 'RHUN'),
       (63133176, 'RHUN'),
       (26282119, 'GONDOR'),
       (89286568, 'ROHAN'),
       (44215805, 'ROHAN'),
       (90912865, 'ROHAN'),
       (15197098, 'RHUN'),
       (56031449, 'GONDOR'),
       (15576082, 'MORDOR'),
       (64673315, 'RHUN'),
       (91750371, 'GONDOR'),
       (95398004, 'GONDOR'),
       (98460189, 'ROHAN'),
       (88376430, 'MORDOR'),
       (97236457, 'ROHAN'),
       (89217256, 'ERIADOR'),
       (31167985, 'RHUN'),
       (49646384, 'RHUN'),
       (84400947, 'ROHAN'),
       (90894558, 'MORDOR'),
       (39930288, 'GONDOR'),
       (57353493, 'GONDOR'),
       (70553794, 'ERIADOR'),
       (41507704, 'ROHAN'),
       (12831929, 'ROHAN'),
       (36918986, 'RHUN'),
       (54679938, 'ERIADOR'),
       (26588058, 'ERIADOR'),
       (64095736, 'ROHAN'),
       (60429852, 'ERIADOR'),
       (49958912, 'GONDOR'),
       (71590303, 'ERIADOR'),
       (81148457, 'ERIADOR'),
       (38918843, 'ERIADOR'),
       (16824111, 'ERIADOR'),
       (29095117, 'ROHAN'),
       (33998353, 'MORDOR'),
       (69426184, 'ERIADOR'),
       (32333540, 'ROHAN'),
       (32774079, 'ERIADOR'),
       (68168678, 'ROHAN'),
       (12932319, 'MORDOR'),
       (50128654, 'RHUN'),
       (76659044, 'MORDOR'),
       (96978978, 'ROHAN'),
       (37174821, 'ROHAN'),
       (84560637, 'GONDOR'),
       (63188694, 'RHUN'),
       (87010721, 'GONDOR'),
       (12498062, 'ROHAN'),
       (91437033, 'MORDOR'),
       (39673506, 'ROHAN'),
       (87096549, 'ERIADOR'),
       (51235084, 'GONDOR'),
       (28628320, 'RHUN'),
       (31953828, 'GONDOR'),
       (26535861, 'MORDOR'),
       (13569481, 'GONDOR'),
       (57019183, 'ERIADOR'),
       (53100863, 'ERIADOR'),
       (56463524, 'RHUN'),
       (21243222, 'ERIADOR'),
       (78861979, 'MORDOR'),
       (55742928, 'GONDOR'),
       (61966618, 'MORDOR'),
       (54818946, 'GONDOR'),
       (32962102, 'MORDOR'),
       (20673322, 'ERIADOR'),
       (94111029, 'ROHAN'),
       (34134478, 'MORDOR'),
       (66924093, 'MORDOR'),
       (82010559, 'ERIADOR'),
       (18140026, 'MORDOR'),
       (63162993, 'RHUN'),
       (42893953, 'ERIADOR'),
       (83578091, 'RHUN'),
       (79868639, 'ERIADOR'),
       (28556746, 'MORDOR'),
       (30699773, 'MORDOR'),
       (30549460, 'MORDOR'),
       (30102616, 'ERIADOR'),
       (12564589, 'RHUN'),
       (20158275, 'GONDOR'),
       (63583424, 'ERIADOR'),
       (42986227, 'GONDOR'),
       (94682257, 'RHUN'),
       (83468745, 'GONDOR'),
       (91598807, 'GONDOR'),
       (29825187, 'RHUN'),
       (58288517, 'GONDOR'),
       (79102379, 'RHUN'),
       (19706242, 'MORDOR'),
       (32927759, 'GONDOR'),
       (94942551, 'RHUN'),
       (36187677, 'GONDOR'),
       (50799177, 'MORDOR'),
       (35068307, 'GONDOR'),
       (87916004, 'RHUN'),
       (42232194, 'ROHAN'),
       (64765286, 'ERIADOR'),
       (85396913, 'MORDOR'),
       (92837067, 'MORDOR'),
       (98572633, 'MORDOR'),
       (65759990, 'RHUN'),
       (64934219, 'ERIADOR'),
       (73218737, 'GONDOR'),
       (17056159, 'ROHAN'),
       (33960107, 'ROHAN'),
       (73761901, 'MORDOR'),
       (92626622, 'ROHAN'),
       (81904755, 'GONDOR'),
       (97963149, 'GONDOR'),
       (93763595, 'MORDOR'),
       (51489397, 'ERIADOR'),
       (29521657, 'ERIADOR'),
       (79246122, 'ROHAN'),
       (43975506, 'ERIADOR'),
       (18987516, 'GONDOR'),
       (31670087, 'ERIADOR'),
       (49208110, 'MORDOR'),
       (23838660, 'RHUN'),
       (14058500, 'ERIADOR'),
       (74913440, 'MORDOR'),
       (14446681, 'RHUN'),
       (40764610, 'RHUN'),
       (56343567, 'ERIADOR'),
       (41752207, 'GONDOR'),
       (68123710, 'ROHAN'),
       (67682469, 'RHUN'),
       (68827654, 'RHUN'),
       (99188001, 'ERIADOR'),
       (84186045, 'ROHAN'),
       (50739785, 'RHUN'),
       (64791618, 'ROHAN'),
       (65315331, 'ROHAN'),
       (73207176, 'ROHAN'),
       (34217655, 'ERIADOR'),
       (34333751, 'RHUN'),
       (41497175, 'ROHAN'),
       (36657902, 'MORDOR'),
       (15280223, 'GONDOR'),
       (26673039, 'ROHAN'),
       (87636927, 'GONDOR'),
       (41818996, 'ERIADOR'),
       (55900335, 'GONDOR'),
       (20724169, 'ROHAN'),
       (69845654, 'MORDOR'),
       (15467014, 'ERIADOR'),
       (19178183, 'RHUN'),
       (88636798, 'MORDOR'),
       (94254701, 'ROHAN'),
       (80932373, 'ROHAN'),
       (40732488, 'MORDOR'),
       (18204208, 'GONDOR'),
       (66363516, 'ROHAN'),
       (25640020, 'ERIADOR'),
       (47248820, 'RHUN'),
       (12568987, 'MORDOR'),
       (30475344, 'ERIADOR'),
       (39660561, 'GONDOR'),
       (94481184, 'RHUN'),
       (93481608, 'ERIADOR'),
       (36229370, 'MORDOR'),
       (88899828, 'ERIADOR'),
       (84841615, 'RHUN'),
       (71436145, 'ERIADOR'),
       (80517439, 'MORDOR'),
       (38495807, 'MORDOR'),
       (57421737, 'RHUN'),
       (14607230, 'MORDOR'),
       (71660877, 'ERIADOR'),
       (96178902, 'ROHAN'),
       (77004943, 'MORDOR'),
       (94479401, 'RHUN'),
       (17114763, 'RHUN'),
       (99516353, 'MORDOR'),
       (13770655, 'ROHAN'),
       (59198986, 'ROHAN'),
       (43331478, 'GONDOR'),
       (18484318, 'MORDOR'),
       (78755100, 'MORDOR'),
       (47756262, 'RHUN'),
       (31968280, 'ROHAN'),
       (43512176, 'MORDOR'),
       (87679662, 'ROHAN'),
       (23076663, 'MORDOR'),
       (40377580, 'RHUN'),
       (27612861, 'MORDOR'),
       (17255968, 'GONDOR'),
       (25240062, 'ROHAN'),
       (77514552, 'MORDOR'),
       (94118968, 'MORDOR'),
       (62525762, 'ROHAN'),
       (36628472, 'ERIADOR'),
       (94558952, 'ROHAN'),
       (35715229, 'GONDOR'),
       (60997989, 'ROHAN'),
       (93931177, 'MORDOR'),
       (38917305, 'GONDOR'),
       (56952750, 'RHUN'),
       (40659379, 'ERIADOR'),
       (49727813, 'MORDOR'),
       (64126213, 'ERIADOR'),
       (75085467, 'GONDOR'),
       (79627752, 'RHUN'),
       (20354424, 'ROHAN'),
       (32034827, 'GONDOR'),
       (73245501, 'ERIADOR'),
       (54829778, 'ERIADOR'),
       (18917320, 'ERIADOR'),
       (93251403, 'ROHAN'),
       (40209911, 'GONDOR'),
       (29267078, 'MORDOR'),
       (40472195, 'ROHAN'),
       (14172255, 'GONDOR'),
       (49286151, 'ROHAN'),
       (25775681, 'MORDOR'),
       (48387170, 'GONDOR'),
       (15890277, 'ERIADOR'),
       (31766678, 'GONDOR'),
       (39362496, 'RHUN'),
       (70134136, 'MORDOR'),
       (38391057, 'ROHAN'),
       (70811297, 'ERIADOR'),
       (99212621, 'GONDOR'),
       (85559394, 'ERIADOR'),
       (80345861, 'GONDOR'),
       (85003943, 'MORDOR'),
       (41039583, 'RHUN'),
       (95266330, 'MORDOR'),
       (60562189, 'RHUN'),
       (36960321, 'ERIADOR'),
       (56048218, 'MORDOR'),
       (30323398, 'ROHAN'),
       (73606004, 'ERIADOR'),
       (58133840, 'RHUN'),
       (49303471, 'RHUN'),
       (63425157, 'RHUN'),
       (53073092, 'ROHAN'),
       (74419758, 'MORDOR'),
       (54832167, 'MORDOR'),
       (29964839, 'MORDOR'),
       (72019230, 'ROHAN'),
       (57608521, 'GONDOR'),
       (70396709, 'GONDOR'),
       (84408195, 'RHUN'),
       (35077024, 'RHUN'),
       (90605054, 'MORDOR'),
       (97367933, 'ROHAN'),
       (25875075, 'ERIADOR'),
       (56044438, 'ROHAN'),
       (74497100, 'GONDOR'),
       (14128542, 'ERIADOR'),
       (91355122, 'ERIADOR'),
       (37573942, 'MORDOR'),
       (16572750, 'GONDOR'),
       (48161144, 'GONDOR'),
       (94793941, 'ROHAN'),
       (94706049, 'ERIADOR'),
       (66531417, 'MORDOR'),
       (14078633, 'ERIADOR'),
       (44108160, 'ERIADOR'),
       (39726929, 'RHUN'),
       (30102084, 'RHUN'),
       (74356472, 'ERIADOR'),
       (89274636, 'MORDOR'),
       (49368706, 'MORDOR'),
       (99755675, 'RHUN'),
       (93728958, 'ERIADOR'),
       (89997954, 'GONDOR'),
       (49770304, 'GONDOR'),
       (48029888, 'RHUN'),
       (56067710, 'RHUN'),
       (41610446, 'GONDOR'),
       (84277294, 'GONDOR'),
       (49025612, 'GONDOR'),
       (29503404, 'RHUN'),
       (85400100, 'RHUN'),
       (17127494, 'ERIADOR'),
       (99532179, 'MORDOR'),
       (28307937, 'MORDOR'),
       (74581103, 'GONDOR'),
       (54375885, 'ERIADOR'),
       (87610683, 'MORDOR'),
       (51167415, 'RHUN'),
       (17177119, 'GONDOR'),
       (34479670, 'ROHAN'),
       (53370858, 'GONDOR'),
       (22181892, 'ROHAN'),
       (91585347, 'RHUN'),
       (98082508, 'MORDOR'),
       (54920638, 'ERIADOR'),
       (37113109, 'ROHAN'),
       (82445651, 'RHUN'),
       (77015005, 'ROHAN'),
       (24685473, 'GONDOR'),
       (84011526, 'ROHAN'),
       (27087506, 'ROHAN'),
       (21520916, 'RHUN'),
       (68166763, 'RHUN'),
       (81542233, 'GONDOR'),
       (83881761, 'MORDOR'),
       (33661647, 'MORDOR'),
       (24709320, 'ERIADOR'),
       (46217030, 'RHUN'),
       (45187851, 'ROHAN'),
       (16965047, 'MORDOR'),
       (93684642, 'ERIADOR'),
       (65220598, 'RHUN'),
       (37496126, 'ROHAN'),
       (90958312, 'GONDOR'),
       (52278716, 'RHUN'),
       (23553793, 'GONDOR'),
       (68940342, 'RHUN'),
       (80737048, 'RHUN'),
       (25792440, 'MORDOR'),
       (47787536, 'ERIADOR'),
       (44494508, 'ROHAN'),
       (69698337, 'MORDOR'),
       (41659554, 'GONDOR'),
       (64713997, 'ERIADOR'),
       (41470823, 'ERIADOR'),
       (83419572, 'ROHAN'),
       (42528833, 'GONDOR'),
       (44078240, 'ROHAN'),
       (24769187, 'ROHAN'),
       (34431120, 'MORDOR'),
       (68043655, 'GONDOR'),
       (23835273, 'GONDOR'),
       (59503703, 'ROHAN'),
       (22813438, 'GONDOR'),
       (32521767, 'ROHAN'),
       (83908310, 'MORDOR'),
       (22204879, 'ERIADOR'),
       (81989608, 'ROHAN'),
       (69454554, 'GONDOR'),
       (93791365, 'RHUN'),
       (84433444, 'MORDOR'),
       (74938595, 'GONDOR'),
       (32340110, 'ERIADOR'),
       (56050852, 'ERIADOR'),
       (57013915, 'MORDOR'),
       (31650335, 'ERIADOR'),
       (16150879, 'ERIADOR'),
       (19522793, 'RHUN'),
       (34833512, 'RHUN'),
       (75194300, 'ROHAN'),
       (17235028, 'RHUN'),
       (94705621, 'MORDOR'),
       (45548136, 'RHUN'),
       (79874635, 'ERIADOR'),
       (70255353, 'RHUN'),
       (81777900, 'RHUN'),
       (37254610, 'RHUN'),
       (71729426, 'ROHAN'),
       (29406790, 'ERIADOR'),
       (84291026, 'GONDOR'),
       (91170812, 'GONDOR'),
       (86105120, 'ROHAN'),
       (36406220, 'RHUN'),
       (14518605, 'ERIADOR'),
       (48747200, 'RHUN'),
       (37721434, 'RHUN'),
       (71500091, 'MORDOR'),
       (99132000, 'ROHAN'),
       (98958272, 'RHUN'),
       (40590384, 'GONDOR'),
       (70507032, 'ERIADOR'),
       (16725019, 'ROHAN'),
       (54282756, 'ROHAN'),
       (19386314, 'GONDOR'),
       (15904364, 'ERIADOR'),
       (47785089, 'MORDOR'),
       (64158861, 'ERIADOR'),
       (70985588, 'GONDOR'),
       (23462241, 'RHUN'),
       (18095004, 'ROHAN'),
       (40963464, 'RHUN'),
       (17511841, 'MORDOR'),
       (47651197, 'RHUN'),
       (45059893, 'GONDOR'),
       (37259218, 'ERIADOR'),
       (21542018, 'ERIADOR'),
       (50075459, 'GONDOR'),
       (45621286, 'ERIADOR'),
       (58070673, 'ROHAN'),
       (49809772, 'MORDOR'),
       (70060201, 'ROHAN'),
       (24796693, 'ERIADOR'),
       (97280353, 'ROHAN'),
       (44861227, 'ROHAN'),
       (76919930, 'RHUN'),
       (91300988, 'GONDOR'),
       (22135873, 'MORDOR'),
       (52587051, 'GONDOR'),
       (99633586, 'ROHAN'),
       (87402237, 'MORDOR'),
       (34957191, 'GONDOR'),
       (24521679, 'RHUN'),
       (92880821, 'ROHAN'),
       (81394317, 'RHUN'),
       (13074604, 'ROHAN'),
       (91316049, 'GONDOR'),
       (42848112, 'MORDOR'),
       (37660647, 'ERIADOR'),
       (51186890, 'GONDOR'),
       (59498491, 'GONDOR'),
       (14360074, 'ERIADOR'),
       (36143353, 'ROHAN'),
       (46345633, 'MORDOR'),
       (91982087, 'RHUN'),
       (18620435, 'MORDOR'),
       (96141764, 'ROHAN'),
       (81483973, 'ERIADOR'),
       (25060425, 'ROHAN'),
       (24766400, 'RHUN'),
       (80514290, 'RHUN'),
       (68264776, 'GONDOR'),
       (29381496, 'RHUN'),
       (20204491, 'MORDOR'),
       (91920285, 'GONDOR'),
       (98844322, 'RHUN'),
       (79443004, 'ERIADOR'),
       (52174881, 'ERIADOR'),
       (53074775, 'RHUN'),
       (78677286, 'ERIADOR'),
       (53519291, 'ROHAN'),
       (80161404, 'ROHAN'),
       (71957855, 'GONDOR'),
       (49240497, 'ROHAN'),
       (69743574, 'GONDOR'),
       (57585305, 'ERIADOR'),
       (81162429, 'MORDOR'),
       (46081331, 'RHUN'),
       (70166091, 'MORDOR'),
       (63416015, 'ERIADOR'),
       (98883903, 'MORDOR'),
       (70540357, 'RHUN'),
       (14856594, 'MORDOR'),
       (98523150, 'RHUN'),
       (52706388, 'RHUN'),
       (20782364, 'RHUN'),
       (69573430, 'GONDOR'),
       (97837899, 'MORDOR'),
       (21792156, 'RHUN'),
       (28220421, 'ROHAN'),
       (91925055, 'GONDOR'),
       (79287074, 'MORDOR'),
       (79447165, 'RHUN'),
       (72638978, 'GONDOR'),
       (71469694, 'ROHAN'),
       (52767836, 'RHUN'),
       (98543917, 'RHUN'),
       (39079074, 'RHUN'),
       (97115904, 'ERIADOR'),
       (27588222, 'GONDOR'),
       (22041564, 'ROHAN'),
       (98859944, 'MORDOR'),
       (70563023, 'RHUN'),
       (88281656, 'RHUN'),
       (38545804, 'MORDOR'),
       (27076191, 'MORDOR'),
       (47271341, 'MORDOR'),
       (93868771, 'MORDOR'),
       (28221318, 'RHUN'),
       (41220638, 'MORDOR'),
       (24641811, 'GONDOR'),
       (54093540, 'ROHAN'),
       (47306931, 'ERIADOR'),
       (83622428, 'RHUN'),
       (87105516, 'ERIADOR'),
       (20283356, 'GONDOR'),
       (67318918, 'GONDOR'),
       (69943016, 'GONDOR'),
       (29303749, 'GONDOR'),
       (26740960, 'ROHAN'),
       (47077648, 'ROHAN'),
       (88299074, 'ERIADOR'),
       (91884267, 'RHUN'),
       (78315750, 'MORDOR'),
       (28096430, 'MORDOR'),
       (20154622, 'ERIADOR'),
       (50079023, 'GONDOR'),
       (82985769, 'ERIADOR'),
       (28420283, 'MORDOR'),
       (28846798, 'RHUN'),
       (41736590, 'ERIADOR'),
       (37041764, 'MORDOR'),
       (72039244, 'GONDOR'),
       (21470731, 'GONDOR'),
       (51607507, 'ERIADOR'),
       (47812465, 'RHUN'),
       (46796937, 'RHUN'),
       (60342012, 'GONDOR'),
       (78192808, 'MORDOR'),
       (15058698, 'MORDOR'),
       (62160073, 'GONDOR'),
       (90932643, 'GONDOR'),
       (68033300, 'MORDOR'),
       (65833552, 'ROHAN'),
       (79746117, 'ERIADOR'),
       (38043001, 'ERIADOR'),
       (66246571, 'ROHAN'),
       (63592983, 'MORDOR'),
       (71758724, 'RHUN'),
       (24961799, 'GONDOR'),
       (78618403, 'ERIADOR'),
       (39758120, 'GONDOR'),
       (25850792, 'GONDOR'),
       (92108782, 'ERIADOR'),
       (84593590, 'ROHAN'),
       (98123844, 'ROHAN'),
       (30888762, 'GONDOR'),
       (91824201, 'MORDOR'),
       (18473919, 'MORDOR'),
       (79533900, 'ROHAN'),
       (31396145, 'RHUN'),
       (64864851, 'MORDOR'),
       (22934010, 'GONDOR'),
       (31483598, 'GONDOR'),
       (38063748, 'GONDOR'),
       (99850147, 'GONDOR'),
       (84679730, 'RHUN'),
       (47391943, 'ERIADOR'),
       (51237935, 'ERIADOR'),
       (68927771, 'ERIADOR'),
       (56108388, 'MORDOR'),
       (95278288, 'ROHAN'),
       (21212865, 'ROHAN'),
       (17159851, 'RHUN'),
       (78954153, 'GONDOR'),
       (70632097, 'GONDOR'),
       (95528850, 'MORDOR'),
       (82740180, 'ERIADOR'),
       (43603556, 'ERIADOR'),
       (59434656, 'MORDOR'),
       (61037649, 'MORDOR'),
       (39938931, 'ROHAN'),
       (20904466, 'MORDOR'),
       (96378524, 'ROHAN'),
       (45305910, 'MORDOR'),
       (25854136, 'ROHAN'),
       (94921449, 'MORDOR'),
       (85474253, 'ERIADOR'),
       (30508796, 'ROHAN'),
       (84284564, 'MORDOR'),
       (26353770, 'GONDOR'),
       (54690319, 'GONDOR'),
       (74012134, 'MORDOR'),
       (40641050, 'GONDOR'),
       (87584293, 'MORDOR'),
       (99043647, 'GONDOR'),
       (38631820, 'GONDOR'),
       (19656828, 'GONDOR'),
       (36787401, 'GONDOR'),
       (87813381, 'MORDOR'),
       (22591251, 'MORDOR'),
       (33166924, 'RHUN'),
       (13512145, 'RHUN'),
       (49281159, 'RHUN'),
       (74443453, 'ERIADOR'),
       (42906332, 'ERIADOR'),
       (93106095, 'RHUN'),
       (56134753, 'ERIADOR'),
       (88983760, 'MORDOR'),
       (51634771, 'MORDOR'),
       (75750351, 'ROHAN'),
       (13551562, 'RHUN'),
       (38275701, 'ROHAN'),
       (78771984, 'MORDOR'),
       (92364098, 'GONDOR'),
       (12908228, 'MORDOR'),
       (80091685, 'MORDOR'),
       (88248126, 'RHUN'),
       (72962039, 'ROHAN'),
       (47623292, 'ROHAN'),
       (71063656, 'ROHAN'),
       (70723789, 'GONDOR'),
       (23918133, 'RHUN'),
       (79173967, 'GONDOR'),
       (18285470, 'MORDOR'),
       (20736981, 'ERIADOR'),
       (17725418, 'ROHAN'),
       (14232916, 'ERIADOR'),
       (56787816, 'MORDOR'),
       (27785485, 'RHUN'),
       (49752779, 'MORDOR'),
       (41581101, 'ERIADOR'),
       (69706355, 'ERIADOR'),
       (72706943, 'ERIADOR'),
       (54301705, 'GONDOR'),
       (58347741, 'ROHAN'),
       (45947505, 'MORDOR'),
       (42402191, 'RHUN'),
       (77262997, 'GONDOR'),
       (24937158, 'RHUN'),
       (77898325, 'RHUN'),
       (17317870, 'GONDOR'),
       (33736845, 'MORDOR'),
       (24105385, 'GONDOR'),
       (27116642, 'MORDOR'),
       (24475585, 'ROHAN'),
       (14712696, 'MORDOR'),
       (45389091, 'GONDOR'),
       (16746463, 'RHUN'),
       (78004125, 'ROHAN'),
       (33973211, 'GONDOR'),
       (16327023, 'ROHAN'),
       (65705541, 'RHUN'),
       (56729977, 'MORDOR'),
       (97189615, 'ERIADOR'),
       (74377136, 'ERIADOR'),
       (46786740, 'MORDOR'),
       (35667509, 'RHUN'),
       (59723369, 'GONDOR'),
       (51815069, 'GONDOR'),
       (98525047, 'ROHAN'),
       (63640440, 'RHUN'),
       (84482317, 'ERIADOR'),
       (38128637, 'ERIADOR'),
       (97790943, 'ERIADOR'),
       (31984364, 'ERIADOR'),
       (27861434, 'ERIADOR'),
       (75221198, 'GONDOR'),
       (77314194, 'ROHAN'),
       (58555860, 'RHUN'),
       (30561256, 'ERIADOR'),
       (62289012, 'ERIADOR'),
       (89303521, 'ERIADOR'),
       (21002961, 'GONDOR'),
       (24000018, 'RHUN'),
       (52148613, 'GONDOR'),
       (52382690, 'ERIADOR'),
       (97799465, 'MORDOR'),
       (95437348, 'ERIADOR'),
       (88765679, 'ERIADOR'),
       (80456498, 'MORDOR'),
       (21814052, 'RHUN'),
       (44756425, 'MORDOR'),
       (92729278, 'GONDOR'),
       (71524044, 'ROHAN'),
       (18338314, 'GONDOR'),
       (35556422, 'ROHAN'),
       (70654819, 'ROHAN'),
       (90609980, 'ERIADOR'),
       (28069486, 'GONDOR'),
       (23500026, 'RHUN'),
       (82726755, 'MORDOR'),
       (93255670, 'GONDOR'),
       (90260044, 'MORDOR'),
       (59033035, 'ERIADOR'),
       (26710625, 'RHUN'),
       (43381910, 'ERIADOR'),
       (16935164, 'ERIADOR'),
       (95271310, 'RHUN'),
       (68024675, 'ROHAN'),
       (70786645, 'ERIADOR'),
       (71025178, 'ROHAN'),
       (72650508, 'RHUN'),
       (18680719, 'ROHAN'),
       (48120321, 'ERIADOR'),
       (72314755, 'GONDOR'),
       (39160468, 'ERIADOR'),
       (79677078, 'MORDOR'),
       (82845571, 'RHUN'),
       (93662062, 'GONDOR'),
       (12813033, 'RHUN'),
       (70801465, 'ROHAN'),
       (86230408, 'RHUN'),
       (63469242, 'ROHAN'),
       (99988827, 'ERIADOR'),
       (59430332, 'MORDOR'),
       (15463089, 'MORDOR'),
       (36941216, 'MORDOR'),
       (47318458, 'RHUN'),
       (56324015, 'RHUN'),
       (78267414, 'RHUN'),
       (56689000, 'MORDOR'),
       (35318039, 'ROHAN'),
       (13739782, 'ERIADOR'),
       (24195586, 'ROHAN'),
       (75767801, 'MORDOR'),
       (37722463, 'ROHAN'),
       (30090141, 'RHUN'),
       (81372797, 'RHUN'),
       (71893915, 'ERIADOR'),
       (75749756, 'MORDOR'),
       (98541151, 'ROHAN'),
       (13473436, 'ERIADOR'),
       (40452210, 'GONDOR'),
       (31498546, 'MORDOR'),
       (73975417, 'GONDOR'),
       (21388380, 'GONDOR'),
       (20678072, 'GONDOR'),
       (89299766, 'ERIADOR'),
       (47385945, 'ERIADOR'),
       (32023233, 'GONDOR'),
       (39492522, 'GONDOR'),
       (39886240, 'ROHAN'),
       (27683721, 'GONDOR'),
       (46812588, 'ERIADOR'),
       (21190544, 'MORDOR'),
       (35041012, 'RHUN'),
       (53480291, 'RHUN'),
       (86982510, 'ERIADOR'),
       (81394636, 'RHUN'),
       (28609988, 'ROHAN'),
       (50500013, 'GONDOR'),
       (37471822, 'GONDOR'),
       (67442526, 'GONDOR'),
       (99360367, 'ERIADOR'),
       (83554798, 'ERIADOR'),
       (96513901, 'ROHAN'),
       (67249858, 'ROHAN'),
       (59080799, 'GONDOR'),
       (47113771, 'ERIADOR'),
       (38290042, 'MORDOR'),
       (84689955, 'GONDOR'),
       (41751860, 'GONDOR'),
       (59006939, 'ERIADOR'),
       (49841364, 'RHUN'),
       (91057970, 'ROHAN'),
       (92398770, 'RHUN'),
       (94284430, 'ERIADOR'),
       (81324541, 'RHUN'),
       (85134850, 'MORDOR'),
       (46909206, 'GONDOR'),
       (72681928, 'GONDOR'),
       (29025603, 'ERIADOR'),
       (83426852, 'GONDOR'),
       (52006486, 'GONDOR'),
       (94156135, 'GONDOR'),
       (12710413, 'RHUN'),
       (68692403, 'ROHAN'),
       (19790629, 'RHUN'),
       (99019026, 'ROHAN'),
       (91521276, 'ROHAN'),
       (31145478, 'MORDOR'),
       (45701826, 'MORDOR'),
       (91925941, 'MORDOR'),
       (44136330, 'ROHAN'),
       (67149566, 'ERIADOR'),
       (65073525, 'RHUN'),
       (98612914, 'ERIADOR'),
       (48182433, 'ROHAN'),
       (89900010, 'ROHAN'),
       (95830582, 'ROHAN'),
       (15345237, 'GONDOR'),
       (45692631, 'ERIADOR'),
       (78766633, 'MORDOR'),
       (19199810, 'MORDOR'),
       (52728871, 'RHUN'),
       (25570202, 'ROHAN'),
       (96800429, 'ROHAN'),
       (48534818, 'RHUN'),
       (55372871, 'ROHAN'),
       (67385219, 'MORDOR'),
       (21033266, 'RHUN'),
       (72751200, 'MORDOR'),
       (44515459, 'GONDOR'),
       (51262302, 'ERIADOR'),
       (43795623, 'ROHAN'),
       (64086012, 'ERIADOR'),
       (87914880, 'RHUN'),
       (29198047, 'GONDOR'),
       (80671119, 'ROHAN'),
       (25358362, 'RHUN'),
       (82448246, 'MORDOR'),
       (94139187, 'RHUN'),
       (58928711, 'MORDOR'),
       (33965281, 'MORDOR'),
       (35161328, 'ROHAN'),
       (29153662, 'ERIADOR'),
       (57276378, 'RHUN'),
       (64296765, 'MORDOR'),
       (24552287, 'GONDOR'),
       (32987124, 'MORDOR'),
       (77013655, 'MORDOR'),
       (59124889, 'MORDOR'),
       (42519423, 'ERIADOR'),
       (57733858, 'MORDOR'),
       (67695197, 'ROHAN'),
       (95921827, 'MORDOR'),
       (73433847, 'MORDOR'),
       (23991548, 'GONDOR'),
       (16855234, 'ERIADOR'),
       (29173039, 'ROHAN'),
       (22701409, 'ROHAN'),
       (25222086, 'RHUN'),
       (95241437, 'ROHAN'),
       (89674386, 'RHUN'),
       (25542313, 'ERIADOR'),
       (96607099, 'RHUN'),
       (79814830, 'MORDOR'),
       (14542694, 'RHUN'),
       (58842379, 'ROHAN'),
       (91571557, 'RHUN'),
       (38535952, 'RHUN'),
       (23736515, 'GONDOR'),
       (40266261, 'GONDOR'),
       (83932428, 'ROHAN'),
       (29792521, 'ROHAN'),
       (75651559, 'ROHAN'),
       (67862095, 'MORDOR'),
       (70966789, 'GONDOR'),
       (58586195, 'GONDOR'),
       (64109654, 'GONDOR'),
       (92719491, 'ERIADOR'),
       (32746614, 'ERIADOR'),
       (83008143, 'ROHAN'),
       (20295086, 'GONDOR'),
       (59692040, 'ROHAN'),
       (57767518, 'GONDOR'),
       (48352660, 'GONDOR'),
       (26563630, 'ROHAN'),
       (56778500, 'ROHAN'),
       (80624139, 'MORDOR'),
       (83133121, 'GONDOR'),
       (86850785, 'GONDOR'),
       (95233830, 'ERIADOR'),
       (31154465, 'ERIADOR'),
       (61675893, 'GONDOR'),
       (26513376, 'GONDOR'),
       (28707920, 'RHUN'),
       (44472919, 'RHUN'),
       (56876680, 'GONDOR'),
       (20014012, 'RHUN'),
       (61382270, 'RHUN'),
       (85697191, 'ROHAN'),
       (52500530, 'ROHAN'),
       (97307906, 'GONDOR'),
       (89624620, 'ROHAN'),
       (51440890, 'ERIADOR'),
       (33994078, 'ERIADOR'),
       (64576833, 'GONDOR'),
       (60210092, 'MORDOR'),
       (36695451, 'ERIADOR'),
       (68254944, 'ERIADOR'),
       (65372882, 'RHUN'),
       (83272649, 'MORDOR'),
       (57671972, 'MORDOR'),
       (13090267, 'GONDOR'),
       (22260650, 'MORDOR'),
       (25330723, 'ROHAN'),
       (32500855, 'ERIADOR'),
       (59995903, 'MORDOR'),
       (72199153, 'MORDOR'),
       (65446492, 'ROHAN'),
       (94932955, 'GONDOR'),
       (26907253, 'ERIADOR'),
       (13561044, 'RHUN'),
       (22370187, 'RHUN'),
       (98636115, 'RHUN'),
       (85523953, 'MORDOR'),
       (89030049, 'ROHAN'),
       (68883116, 'RHUN'),
       (70340678, 'MORDOR'),
       (78322840, 'MORDOR'),
       (73347247, 'MORDOR'),
       (51804914, 'MORDOR'),
       (45826210, 'GONDOR'),
       (21247375, 'ERIADOR'),
       (23361366, 'ROHAN'),
       (89104405, 'ROHAN'),
       (98044116, 'RHUN'),
       (47437930, 'ERIADOR'),
       (50116889, 'GONDOR'),
       (46263534, 'MORDOR'),
       (20651322, 'RHUN'),
       (43440264, 'ERIADOR'),
       (55839785, 'ERIADOR'),
       (55128672, 'ROHAN'),
       (77446350, 'ERIADOR'),
       (25774053, 'GONDOR'),
       (85413676, 'GONDOR'),
       (42773978, 'RHUN'),
       (98037794, 'MORDOR'),
       (48058061, 'GONDOR'),
       (58357196, 'ROHAN'),
       (72485005, 'GONDOR'),
       (33334988, 'ROHAN'),
       (59599361, 'GONDOR'),
       (62093963, 'GONDOR'),
       (21210004, 'GONDOR'),
       (16844153, 'MORDOR'),
       (15119630, 'ERIADOR'),
       (63495764, 'ROHAN'),
       (87317432, 'ERIADOR'),
       (35144924, 'RHUN'),
       (25242635, 'GONDOR'),
       (87489819, 'MORDOR'),
       (78694670, 'GONDOR'),
       (80018675, 'MORDOR'),
       (40059017, 'ROHAN'),
       (36265713, 'GONDOR'),
       (67437899, 'GONDOR'),
       (59173120, 'GONDOR'),
       (69459263, 'ERIADOR'),
       (94076193, 'RHUN'),
       (84785653, 'RHUN'),
       (49868240, 'MORDOR'),
       (79710344, 'RHUN'),
       (16519531, 'ERIADOR'),
       (68919643, 'MORDOR'),
       (44765999, 'ERIADOR'),
       (80221107, 'MORDOR'),
       (53482739, 'RHUN'),
       (90467664, 'MORDOR'),
       (74530985, 'RHUN'),
       (59498622, 'RHUN'),
       (17778002, 'GONDOR'),
       (27858205, 'MORDOR'),
       (20836890, 'RHUN');
-- insert into voters (nin, region)


INSERT INTO Votes (bulletin_id, voter_id, candidate_id)
VALUES (231788, 32425608, 1),
       (16546, 64813381, 5),
       (311417, 69940225, 1),
       (86462, 54743462, 1),
       (247232, 97925044, 1),
       (84969, 21525828, 2),
       (494263, 65117415, 2),
       (433930, 70348017, 2),
       (359262, 82308863, 2),
       (167907, 34669416, 5),
       (209525, 24271321, 1),
       (254351, 31602143, 5),
       (210739, 96623286, 5),
       (325404, 19017574, 2),
       (446621, 52291722, 1),
       (366176, 89760088, 3),
       (171656, 51044834, 4),
       (217523, 98019124, 3),
       (337074, 46259661, 3),
       (410650, 42621452, 4),
       (197962, 32184822, 4),
       (452228, 19139168, 4),
       (83919, 22012953, 4),
       (134256, 78116380, 3),
       (373441, 69775345, 2),
       (310023, 36906669, 4),
       (344767, 29555020, 2),
       (489960, 99506925, 1),
       (150138, 85300519, 1),
       (294948, 83102102, 1),
       (108929, 90210628, 4),
       (208585, 61601512, 1),
       (159677, 58587786, 1),
       (151751, 88021864, 4),
       (165712, 42952975, 1),
       (26728, 84808967, 5),
       (392268, 96304250, 4),
       (89017, 89214220, 4),
       (121515, 45563920, 1),
       (2166, 78150046, 1),
       (374972, 82495266, 4),
       (116041, 95904607, 3),
       (356561, 81151059, 2),
       (431053, 56655328, 5),
       (316696, 84254012, 3),
       (282697, 72946184, 4),
       (353122, 99232905, 2),
       (91158, 78444211, 3),
       (163502, 46511053, 5),
       (465331, 98542327, 3),
       (151933, 17716487, 3),
       (494764, 26017110, 5),
       (199336, 66901587, 1),
       (274530, 60815799, 2),
       (202151, 46592034, 2),
       (163134, 83239684, 4),
       (434801, 28086210, 2),
       (447824, 28764411, 4),
       (271123, 95403806, 1),
       (482972, 22611561, 5),
       (143549, 35576932, 5),
       (346967, 34952565, 3),
       (226658, 59609375, 4),
       (15599, 39494522, 3),
       (240452, 67418972, 5),
       (469931, 81580844, 3),
       (448588, 67966568, 3),
       (327543, 85118270, 3),
       (196657, 58240014, 1),
       (401230, 37406092, 3),
       (476523, 14969741, 3),
       (319454, 72862404, 1),
       (134813, 39288099, 5),
       (189797, 55989235, 4),
       (367501, 30684838, 5),
       (453634, 56116827, 1),
       (339226, 74151197, 2),
       (253379, 38063815, 1),
       (222861, 63361185, 1),
       (148584, 22099119, 2),
       (207291, 22359523, 5),
       (185610, 45224383, 4),
       (374864, 53169683, 2),
       (161005, 17613947, 2),
       (469646, 46119178, 4),
       (260772, 38301403, 2),
       (269761, 59145924, 4),
       (357558, 63133176, 5),
       (62088, 26282119, 1),
       (43133, 89286568, 5),
       (366376, 44215805, 3),
       (401130, 90912865, 2),
       (454194, 15197098, 2),
       (351173, 56031449, 3),
       (394537, 15576082, 2),
       (113784, 64673315, 5),
       (371362, 91750371, 3),
       (464755, 95398004, 5),
       (232611, 98460189, 2),
       (361692, 88376430, 3),
       (402266, 97236457, 1),
       (487595, 89217256, 1),
       (462656, 31167985, 4),
       (394420, 49646384, 5),
       (210304, 84400947, 1),
       (94563, 90894558, 3),
       (266300, 39930288, 2),
       (187581, 57353493, 2),
       (427996, 70553794, 1),
       (133247, 41507704, 5),
       (288074, 12831929, 1),
       (270584, 36918986, 1),
       (221577, 54679938, 5),
       (23470, 26588058, 2),
       (176055, 64095736, 5),
       (381354, 60429852, 4),
       (252327, 49958912, 5),
       (295329, 71590303, 1),
       (446744, 81148457, 2),
       (294556, 38918843, 4),
       (112574, 16824111, 1),
       (409082, 29095117, 3),
       (478788, 33998353, 3),
       (150177, 69426184, 3),
       (216214, 32333540, 2),
       (318227, 32774079, 3),
       (329722, 68168678, 5),
       (231899, 12932319, 1),
       (282068, 50128654, 5),
       (389900, 76659044, 4),
       (494035, 96978978, 5),
       (208150, 37174821, 1),
       (365256, 84560637, 5),
       (235543, 63188694, 5),
       (48683, 87010721, 3),
       (237609, 12498062, 4),
       (113575, 91437033, 3),
       (190277, 39673506, 2),
       (154085, 87096549, 4),
       (69797, 51235084, 4),
       (248535, 28628320, 5),
       (309035, 31953828, 4),
       (176106, 26535861, 3),
       (214643, 13569481, 5),
       (305680, 57019183, 4),
       (329144, 53100863, 1),
       (350047, 56463524, 2),
       (447166, 21243222, 3),
       (396349, 78861979, 1),
       (207097, 55742928, 1),
       (157623, 61966618, 2),
       (267373, 54818946, 4),
       (244929, 32962102, 4),
       (346541, 20673322, 2),
       (169548, 94111029, 1),
       (470929, 34134478, 5),
       (390253, 66924093, 1),
       (168671, 82010559, 5),
       (327339, 18140026, 3),
       (191575, 63162993, 2),
       (403607, 42893953, 5),
       (429519, 83578091, 1),
       (115211, 79868639, 1),
       (110364, 28556746, 5),
       (335767, 30699773, 4),
       (230570, 30549460, 4),
       (268073, 30102616, 1),
       (355649, 12564589, 2),
       (85502, 20158275, 3),
       (54625, 63583424, 1),
       (399966, 42986227, 5),
       (392008, 94682257, 2),
       (64238, 83468745, 2),
       (327129, 91598807, 1),
       (394378, 29825187, 5),
       (164125, 58288517, 2),
       (179931, 79102379, 5),
       (94547, 19706242, 1),
       (297091, 32927759, 1),
       (391268, 94942551, 5),
       (163037, 36187677, 2),
       (354094, 50799177, 4),
       (363747, 35068307, 1),
       (320231, 87916004, 1),
       (270605, 42232194, 5),
       (488721, 64765286, 1),
       (359142, 85396913, 4),
       (224709, 92837067, 4),
       (20921, 98572633, 2),
       (189713, 65759990, 1),
       (356155, 64934219, 5),
       (237618, 73218737, 4),
       (306140, 17056159, 4),
       (229857, 33960107, 4),
       (156943, 73761901, 5),
       (471538, 92626622, 2),
       (446986, 81904755, 5),
       (212857, 97963149, 2),
       (423864, 93763595, 3),
       (468840, 51489397, 3),
       (495191, 29521657, 5),
       (359122, 79246122, 3),
       (150650, 43975506, 3),
       (293082, 18987516, 5),
       (400196, 31670087, 2),
       (407988, 49208110, 1),
       (159514, 23838660, 2),
       (196654, 14058500, 2),
       (323118, 74913440, 3),
       (266003, 14446681, 4),
       (442556, 40764610, 2),
       (67753, 56343567, 5),
       (485335, 41752207, 3),
       (117428, 68123710, 3),
       (103515, 67682469, 5),
       (211607, 68827654, 2),
       (211676, 99188001, 3),
       (313988, 84186045, 1),
       (278648, 50739785, 5),
       (395112, 64791618, 2),
       (399797, 65315331, 5),
       (129326, 73207176, 1),
       (478553, 34217655, 5),
       (468758, 34333751, 5),
       (59618, 41497175, 2),
       (181033, 36657902, 1),
       (176303, 15280223, 5),
       (283548, 26673039, 5),
       (97770, 87636927, 5),
       (15520, 41818996, 2),
       (333853, 55900335, 3),
       (230841, 20724169, 2),
       (58561, 69845654, 2),
       (319512, 15467014, 1),
       (295285, 19178183, 2),
       (143574, 88636798, 3),
       (218528, 94254701, 2),
       (290306, 80932373, 5),
       (293619, 40732488, 1),
       (262281, 18204208, 4),
       (87764, 66363516, 4),
       (486897, 25640020, 4),
       (367821, 47248820, 5),
       (401069, 12568987, 3),
       (208368, 30475344, 3),
       (290137, 39660561, 3),
       (402189, 94481184, 1),
       (483843, 93481608, 3),
       (418083, 36229370, 4),
       (117636, 88899828, 2),
       (464226, 84841615, 5),
       (406363, 71436145, 3),
       (183216, 80517439, 2),
       (483861, 38495807, 2),
       (67490, 57421737, 2),
       (263707, 14607230, 1),
       (369795, 71660877, 5),
       (367724, 96178902, 3),
       (207241, 77004943, 2),
       (125723, 94479401, 5),
       (240053, 17114763, 4),
       (408777, 99516353, 2),
       (247572, 13770655, 1),
       (468419, 59198986, 5),
       (171108, 43331478, 2),
       (37162, 18484318, 1),
       (29024, 78755100, 5),
       (193479, 47756262, 2),
       (279632, 31968280, 2),
       (498523, 43512176, 5),
       (239752, 87679662, 1),
       (492934, 23076663, 3),
       (482550, 40377580, 4),
       (140622, 27612861, 4),
       (357318, 17255968, 5),
       (274293, 25240062, 3),
       (320176, 77514552, 5),
       (107925, 62525762, 2),
       (332939, 36628472, 4),
       (394369, 94558952, 1),
       (293587, 35715229, 1),
       (215644, 60997989, 5),
       (173282, 93931177, 2),
       (191605, 38917305, 2),
       (208198, 56952750, 3),
       (291075, 40659379, 2),
       (381377, 49727813, 3),
       (486702, 64126213, 3),
       (386479, 75085467, 2),
       (423746, 79627752, 3),
       (215795, 20354424, 5),
       (141772, 32034827, 4),
       (212447, 73245501, 4),
       (482571, 54829778, 3),
       (479124, 18917320, 1),
       (120787, 93251403, 5),
       (251879, 40209911, 4),
       (361770, 29267078, 2),
       (63000, 40472195, 3),
       (362802, 14172255, 2),
       (177765, 49286151, 1),
       (208660, 25775681, 3),
       (315141, 48387170, 2),
       (490115, 15890277, 5),
       (474073, 31766678, 4),
       (245215, 39362496, 4),
       (313104, 70134136, 3),
       (268343, 38391057, 3),
       (64394, 70811297, 1),
       (167636, 99212621, 3),
       (455916, 85559394, 1),
       (116264, 80345861, 3),
       (257843, 85003943, 3),
       (348173, 41039583, 2),
       (466297, 95266330, 4),
       (386767, 60562189, 3),
       (210858, 36960321, 2),
       (269602, 56048218, 4),
       (308345, 30323398, 3),
       (251296, 73606004, 4),
       (137203, 58133840, 2),
       (328606, 49303471, 4),
       (478121, 63425157, 2),
       (219872, 53073092, 2),
       (191378, 74419758, 2),
       (20255, 54832167, 2),
       (198023, 29964839, 5),
       (320140, 72019230, 2),
       (255446, 57608521, 1),
       (442841, 70396709, 3),
       (362061, 84408195, 3),
       (197283, 35077024, 1),
       (63683, 90605054, 2),
       (122964, 97367933, 3),
       (417623, 25875075, 2),
       (378927, 56044438, 3),
       (217642, 74497100, 5),
       (70544, 14128542, 2),
       (158090, 91355122, 5),
       (45325, 37573942, 4),
       (135118, 16572750, 2),
       (89574, 48161144, 4),
       (465823, 94793941, 2),
       (437023, 94706049, 4),
       (435017, 66531417, 4),
       (148811, 14078633, 5),
       (450722, 44108160, 4),
       (94172, 39726929, 2),
       (461372, 30102084, 4),
       (354320, 74356472, 4),
       (87933, 89274636, 2),
       (488617, 49368706, 4),
       (35453, 99755675, 5),
       (438402, 93728958, 4),
       (122498, 89997954, 2),
       (265551, 49770304, 1),
       (405347, 48029888, 1),
       (104222, 56067710, 1),
       (23491, 41610446, 4),
       (423925, 84277294, 5),
       (131299, 49025612, 2),
       (210594, 29503404, 4),
       (278768, 85400100, 5),
       (63201, 17127494, 5),
       (23509, 99532179, 3),
       (376602, 28307937, 5),
       (334451, 74581103, 4),
       (308937, 54375885, 3),
       (314197, 87610683, 3),
       (460546, 51167415, 5),
       (184014, 17177119, 1),
       (87556, 34479670, 4),
       (352985, 53370858, 5),
       (495623, 22181892, 3),
       (226924, 91585347, 2),
       (150431, 98082508, 5),
       (216026, 54920638, 1),
       (229765, 37113109, 2),
       (54970, 82445651, 2),
       (398847, 77015005, 2),
       (112763, 24685473, 4),
       (83614, 84011526, 2),
       (352613, 27087506, 2),
       (335121, 21520916, 5),
       (467410, 68166763, 4),
       (154875, 81542233, 5),
       (187233, 83881761, 1),
       (108919, 33661647, 4),
       (118475, 24709320, 4),
       (181375, 46217030, 4),
       (472979, 45187851, 5),
       (144454, 16965047, 3),
       (1523, 93684642, 2),
       (459740, 65220598, 5),
       (19518, 37496126, 3),
       (469903, 90958312, 3),
       (480424, 52278716, 3),
       (45830, 23553793, 1),
       (213447, 68940342, 5),
       (409694, 80737048, 5),
       (313589, 25792440, 4),
       (35837, 47787536, 1),
       (287394, 44494508, 4),
       (90152, 69698337, 1),
       (180880, 41659554, 1),
       (339062, 64713997, 4),
       (292493, 41470823, 5),
       (3063, 83419572, 3),
       (51600, 42528833, 5),
       (399075, 44078240, 4),
       (99481, 24769187, 1),
       (31312, 34431120, 5),
       (72612, 68043655, 3),
       (329193, 23835273, 4),
       (250835, 59503703, 5),
       (247158, 22813438, 2),
       (316929, 32521767, 2),
       (64741, 83908310, 5),
       (111073, 22204879, 2),
       (434338, 81989608, 4),
       (222293, 69454554, 3),
       (137175, 93791365, 3),
       (349648, 84433444, 2),
       (400971, 74938595, 1),
       (206884, 32340110, 4),
       (75943, 56050852, 1),
       (410384, 57013915, 4),
       (186311, 31650335, 4),
       (463859, 16150879, 3),
       (142340, 19522793, 4),
       (1905, 34833512, 1),
       (349627, 75194300, 1),
       (301183, 17235028, 2),
       (74816, 94705621, 2),
       (255826, 45548136, 5),
       (108208, 79874635, 4),
       (221492, 70255353, 3),
       (125290, 81777900, 5),
       (136750, 37254610, 3),
       (22051, 71729426, 1),
       (288038, 29406790, 2),
       (484646, 84291026, 5),
       (74253, 91170812, 3),
       (47077, 86105120, 2),
       (154517, 36406220, 4),
       (85177, 14518605, 5),
       (32952, 48747200, 3),
       (294630, 37721434, 2),
       (156768, 71500091, 1),
       (17427, 99132000, 2),
       (239097, 98958272, 1),
       (447428, 40590384, 2),
       (228253, 70507032, 5),
       (461527, 54282756, 5),
       (5024, 19386314, 1),
       (401764, 15904364, 1),
       (111178, 47785089, 1),
       (145682, 64158861, 5),
       (445898, 70985588, 1),
       (108582, 23462241, 3),
       (138639, 18095004, 3),
       (332576, 40963464, 1),
       (382015, 17511841, 3),
       (200999, 47651197, 5),
       (390998, 45059893, 1),
       (97940, 37259218, 3),
       (387753, 21542018, 2),
       (2078, 50075459, 1),
       (376254, 45621286, 2),
       (168375, 58070673, 1),
       (316621, 49809772, 3),
       (462867, 70060201, 3),
       (23705, 24796693, 1),
       (454753, 97280353, 1),
       (130043, 44861227, 1),
       (153628, 76919930, 3),
       (81015, 91300988, 5),
       (233024, 22135873, 3),
       (111097, 52587051, 3),
       (186989, 99633586, 4),
       (229117, 87402237, 1),
       (385878, 34957191, 3),
       (336775, 24521679, 4),
       (392689, 92880821, 1),
       (80983, 81394317, 2),
       (240981, 13074604, 5),
       (34234, 91316049, 2),
       (386719, 42848112, 2),
       (50317, 37660647, 1),
       (404951, 51186890, 4),
       (301451, 59498491, 4),
       (423669, 14360074, 1),
       (49294, 36143353, 3),
       (331642, 46345633, 3),
       (97435, 91982087, 5),
       (100316, 18620435, 4),
       (407477, 96141764, 3),
       (104090, 81483973, 3),
       (127415, 25060425, 3),
       (21121, 24766400, 3),
       (391690, 80514290, 3),
       (86423, 68264776, 4),
       (466065, 29381496, 3),
       (134335, 20204491, 1),
       (251807, 91920285, 3),
       (86567, 98844322, 4),
       (194007, 79443004, 2),
       (267596, 52174881, 3),
       (355987, 53074775, 4),
       (262316, 78677286, 4),
       (367760, 53519291, 1),
       (398579, 80161404, 5),
       (215357, 71957855, 4),
       (326904, 49240497, 4),
       (432682, 69743574, 4),
       (150542, 57585305, 5),
       (101891, 81162429, 5),
       (429138, 46081331, 3),
       (163866, 70166091, 3),
       (23949, 63416015, 5),
       (354957, 98883903, 4),
       (351671, 70540357, 2),
       (65016, 14856594, 4),
       (282811, 98523150, 1),
       (83088, 52706388, 2),
       (49302, 20782364, 5),
       (130521, 69573430, 3),
       (431488, 97837899, 1),
       (138219, 21792156, 1),
       (314612, 28220421, 2),
       (352899, 91925055, 2),
       (150024, 79287074, 3),
       (397809, 79447165, 2),
       (267934, 72638978, 2),
       (387512, 71469694, 1),
       (114592, 52767836, 3),
       (172779, 98543917, 4),
       (197978, 39079074, 4),
       (150437, 97115904, 1),
       (379925, 27588222, 3),
       (311401, 22041564, 4),
       (494756, 98859944, 2),
       (245345, 70563023, 4),
       (322853, 88281656, 2),
       (124947, 38545804, 3),
       (422558, 27076191, 4),
       (409775, 47271341, 5),
       (246125, 93868771, 4),
       (39292, 28221318, 5),
       (174123, 41220638, 4),
       (75944, 24641811, 5),
       (139833, 54093540, 3),
       (166686, 47306931, 5),
       (325400, 83622428, 5),
       (411216, 87105516, 5),
       (122818, 20283356, 3),
       (281724, 67318918, 2),
       (391367, 69943016, 1),
       (315198, 29303749, 4),
       (110394, 26740960, 2),
       (418669, 47077648, 1),
       (165611, 88299074, 4),
       (329488, 91884267, 2),
       (285790, 78315750, 5),
       (314499, 28096430, 3),
       (143468, 20154622, 4),
       (438016, 50079023, 2),
       (117502, 82985769, 5),
       (156009, 28420283, 1),
       (454829, 28846798, 4),
       (415785, 41736590, 2),
       (81856, 37041764, 2),
       (476092, 72039244, 3),
       (112858, 21470731, 3),
       (359416, 51607507, 5),
       (94398, 47812465, 3),
       (69651, 46796937, 5),
       (364029, 60342012, 4),
       (237834, 78192808, 4),
       (418555, 15058698, 4),
       (306272, 62160073, 2),
       (257829, 90932643, 3),
       (393088, 68033300, 2),
       (274544, 65833552, 1),
       (433998, 79746117, 5),
       (216145, 38043001, 2),
       (436710, 66246571, 5),
       (313348, 63592983, 4),
       (414362, 71758724, 3),
       (130714, 24961799, 5),
       (313883, 78618403, 5),
       (384294, 39758120, 1),
       (325185, 25850792, 5),
       (350464, 92108782, 5),
       (161094, 84593590, 3),
       (492315, 98123844, 1),
       (493381, 30888762, 1),
       (156470, 91824201, 5),
       (445107, 18473919, 3),
       (238038, 79533900, 3),
       (242754, 31396145, 5),
       (17613, 64864851, 4),
       (83732, 22934010, 5),
       (491299, 31483598, 2),
       (9271, 38063748, 4),
       (184573, 99850147, 1),
       (128400, 84679730, 1),
       (8689, 47391943, 2),
       (393628, 51237935, 4),
       (349208, 68927771, 3),
       (113467, 56108388, 1),
       (370885, 95278288, 3),
       (497208, 21212865, 4),
       (148379, 17159851, 5),
       (245924, 78954153, 3),
       (388305, 70632097, 2),
       (392194, 95528850, 2),
       (431033, 82740180, 2),
       (53818, 43603556, 3),
       (28064, 59434656, 2),
       (397034, 61037649, 2),
       (13760, 39938931, 5),
       (439544, 20904466, 4),
       (474894, 96378524, 1),
       (167567, 45305910, 4),
       (342829, 25854136, 1),
       (375945, 94921449, 1),
       (446314, 85474253, 4),
       (74189, 30508796, 5),
       (267359, 84284564, 3),
       (310628, 26353770, 5),
       (110412, 54690319, 2),
       (492358, 74012134, 1),
       (31178, 40641050, 5),
       (225157, 87584293, 4),
       (364034, 99043647, 2),
       (158836, 38631820, 2),
       (286169, 19656828, 1),
       (89813, 36787401, 3),
       (414032, 87813381, 1),
       (373555, 22591251, 1),
       (195997, 33166924, 2),
       (131983, 13512145, 3),
       (40395, 49281159, 4),
       (26397, 74443453, 1),
       (322877, 42906332, 2),
       (17900, 93106095, 1),
       (423645, 56134753, 1),
       (446711, 88983760, 3),
       (57619, 51634771, 5),
       (329738, 75750351, 3),
       (497584, 13551562, 1),
       (464104, 38275701, 4),
       (163241, 78771984, 3),
       (337872, 92364098, 4),
       (212859, 12908228, 3),
       (478974, 80091685, 5),
       (165268, 88248126, 1),
       (100767, 72962039, 5),
       (47094, 47623292, 4),
       (270460, 71063656, 1),
       (131091, 70723789, 4),
       (73946, 23918133, 1),
       (114072, 79173967, 3),
       (168552, 18285470, 1),
       (122081, 20736981, 2),
       (265845, 17725418, 1),
       (338184, 14232916, 3),
       (88864, 56787816, 3),
       (480349, 27785485, 2),
       (457624, 49752779, 3),
       (21890, 41581101, 1),
       (129428, 69706355, 5),
       (12447, 72706943, 3),
       (266732, 54301705, 2),
       (417015, 58347741, 5),
       (123823, 45947505, 4),
       (135033, 42402191, 1),
       (363332, 77262997, 1),
       (10319, 24937158, 5),
       (55003, 77898325, 2),
       (317338, 17317870, 1),
       (283154, 33736845, 4),
       (25100, 24105385, 1),
       (377062, 27116642, 3),
       (97805, 24475585, 1),
       (434765, 14712696, 5),
       (88932, 45389091, 5),
       (450852, 16746463, 1),
       (196502, 78004125, 2),
       (245977, 33973211, 1),
       (441503, 16327023, 5),
       (373741, 65705541, 1),
       (463272, 56729977, 4),
       (223054, 97189615, 1),
       (316085, 74377136, 1),
       (140418, 46786740, 5),
       (147678, 35667509, 5),
       (84333, 59723369, 3),
       (143301, 51815069, 4),
       (350160, 98525047, 5),
       (96816, 63640440, 2),
       (17661, 84482317, 5),
       (267088, 38128637, 1),
       (330398, 97790943, 1),
       (165556, 31984364, 1),
       (369559, 27861434, 2),
       (212636, 75221198, 2),
       (400624, 77314194, 3),
       (361112, 58555860, 1),
       (228863, 30561256, 2),
       (225839, 62289012, 5),
       (439132, 89303521, 3),
       (87041, 21002961, 3),
       (342220, 24000018, 5),
       (105306, 52148613, 2),
       (6359, 52382690, 2),
       (120002, 97799465, 1),
       (456725, 95437348, 5),
       (376090, 88765679, 3),
       (405827, 80456498, 1),
       (405529, 21814052, 3),
       (347065, 44756425, 4),
       (91898, 92729278, 5),
       (486129, 71524044, 5),
       (91593, 18338314, 4),
       (452973, 35556422, 2),
       (363351, 70654819, 5),
       (414958, 90609980, 5),
       (411652, 28069486, 5),
       (435097, 23500026, 2),
       (284829, 82726755, 5),
       (370781, 93255670, 5),
       (200314, 90260044, 2),
       (398436, 59033035, 2),
       (437081, 26710625, 5),
       (477105, 43381910, 4),
       (199088, 16935164, 4),
       (57951, 95271310, 3),
       (283073, 68024675, 3),
       (425735, 70786645, 2),
       (446035, 71025178, 3),
       (61469, 72650508, 5),
       (13653, 18680719, 1),
       (322271, 48120321, 2),
       (203636, 72314755, 3),
       (449192, 39160468, 2),
       (22430, 79677078, 3),
       (77026, 82845571, 1),
       (154971, 93662062, 3),
       (184207, 12813033, 2),
       (237383, 70801465, 5),
       (286629, 86230408, 2),
       (152853, 63469242, 4),
       (390375, 99988827, 1),
       (339362, 59430332, 5),
       (381380, 15463089, 4),
       (44437, 36941216, 1),
       (199025, 47318458, 4),
       (416673, 56324015, 4),
       (481930, 78267414, 5),
       (210761, 56689000, 4),
       (157166, 35318039, 2),
       (157540, 13739782, 2),
       (244984, 24195586, 1),
       (26249, 75767801, 1),
       (278578, 37722463, 5),
       (216445, 30090141, 2),
       (210460, 81372797, 3),
       (44220, 71893915, 2),
       (464944, 75749756, 4),
       (305865, 98541151, 3),
       (475382, 13473436, 3),
       (179032, 40452210, 3),
       (239344, 31498546, 1),
       (91843, 73975417, 2),
       (379640, 21388380, 1),
       (178216, 20678072, 1),
       (132686, 89299766, 2),
       (191901, 47385945, 5),
       (333331, 32023233, 4),
       (416732, 39492522, 5),
       (404579, 39886240, 3),
       (254601, 27683721, 3),
       (186369, 46812588, 2),
       (131855, 21190544, 3),
       (50875, 35041012, 1),
       (337850, 53480291, 4),
       (370831, 86982510, 5),
       (335108, 81394636, 5),
       (298985, 28609988, 2),
       (345872, 50500013, 5),
       (213655, 37471822, 1),
       (491100, 67442526, 1),
       (330585, 99360367, 2),
       (347515, 83554798, 2),
       (79166, 96513901, 5),
       (477449, 67249858, 5),
       (455220, 59080799, 3),
       (326087, 47113771, 4),
       (400248, 38290042, 4),
       (98078, 84689955, 5),
       (454572, 41751860, 5),
       (416947, 59006939, 5),
       (112439, 49841364, 5),
       (402423, 91057970, 2),
       (1267, 92398770, 5),
       (397208, 94284430, 4),
       (318296, 81324541, 4),
       (413757, 85134850, 3),
       (330920, 46909206, 5),
       (57597, 72681928, 5),
       (491986, 29025603, 1),
       (9977, 83426852, 3),
       (60263, 52006486, 5),
       (197292, 94156135, 5),
       (445635, 12710413, 2),
       (188519, 68692403, 3),
       (119980, 19790629, 5),
       (175871, 99019026, 5),
       (13332, 91521276, 3),
       (309588, 31145478, 1),
       (436643, 45701826, 2),
       (7051, 91925941, 5),
       (140573, 44136330, 1),
       (69831, 67149566, 3),
       (57507, 65073525, 3),
       (212149, 98612914, 5),
       (124541, 48182433, 1),
       (226506, 89900010, 4),
       (278047, 95830582, 2),
       (256030, 15345237, 2),
       (353873, 45692631, 5),
       (132054, 78766633, 4),
       (198383, 19199810, 1),
       (38150, 52728871, 4),
       (69677, 25570202, 5),
       (200017, 96800429, 2),
       (143979, 48534818, 5),
       (241824, 55372871, 5),
       (31643, 67385219, 4),
       (60286, 21033266, 3),
       (308001, 72751200, 5),
       (164896, 44515459, 3),
       (352255, 51262302, 3),
       (337797, 43795623, 2),
       (481232, 64086012, 2),
       (3881, 87914880, 5),
       (463232, 29198047, 5),
       (437754, 80671119, 5),
       (24278, 25358362, 4),
       (158180, 82448246, 1),
       (482718, 94139187, 1),
       (155482, 58928711, 4),
       (419660, 33965281, 1),
       (355439, 35161328, 3),
       (54784, 29153662, 1),
       (194640, 57276378, 1),
       (322462, 64296765, 1),
       (289176, 24552287, 1),
       (217988, 32987124, 3),
       (240408, 77013655, 1),
       (351648, 59124889, 3),
       (222336, 42519423, 1),
       (98307, 57733858, 5),
       (495758, 67695197, 3),
       (122189, 95921827, 2),
       (185415, 73433847, 4),
       (237811, 23991548, 1),
       (486768, 16855234, 2),
       (481278, 29173039, 1),
       (399178, 22701409, 2),
       (57368, 25222086, 3),
       (369941, 95241437, 1),
       (8459, 89674386, 3),
       (274055, 25542313, 2),
       (130882, 96607099, 3),
       (431638, 79814830, 4),
       (270127, 14542694, 1),
       (374033, 58842379, 3),
       (487886, 91571557, 1),
       (255197, 38535952, 5),
       (453640, 23736515, 4),
       (111555, 40266261, 4),
       (246950, 83932428, 1),
       (71676, 29792521, 1),
       (252608, 75651559, 3),
       (237898, 67862095, 1),
       (441829, 70966789, 5),
       (204877, 58586195, 4),
       (374829, 64109654, 1),
       (169650, 92719491, 3),
       (239949, 32746614, 1),
       (378030, 83008143, 5),
       (41776, 20295086, 1),
       (389189, 59692040, 4),
       (355828, 57767518, 3),
       (338636, 48352660, 3),
       (209503, 26563630, 1),
       (44435, 56778500, 3),
       (190919, 80624139, 2),
       (262800, 83133121, 3),
       (241308, 86850785, 1),
       (178529, 95233830, 1),
       (156073, 31154465, 5),
       (119626, 61675893, 4),
       (459884, 26513376, 3),
       (335226, 28707920, 2),
       (181585, 44472919, 2),
       (183238, 56876680, 3),
       (85659, 20014012, 2),
       (458066, 61382270, 3),
       (434978, 85697191, 3),
       (113299, 52500530, 5),
       (90151, 97307906, 5),
       (8649, 89624620, 2),
       (372477, 51440890, 5),
       (64846, 33994078, 1),
       (437639, 64576833, 1),
       (357985, 60210092, 4),
       (346037, 36695451, 1),
       (123718, 68254944, 3),
       (213958, 65372882, 4),
       (472498, 83272649, 1),
       (446246, 57671972, 2),
       (76385, 13090267, 3),
       (385991, 22260650, 4),
       (124659, 25330723, 4),
       (199738, 32500855, 2),
       (83659, 59995903, 2),
       (240436, 72199153, 5),
       (67968, 65446492, 2),
       (46702, 94932955, 4),
       (373708, 26907253, 1),
       (80951, 13561044, 1),
       (448894, 22370187, 1),
       (316365, 98636115, 2),
       (408805, 85523953, 4),
       (112063, 89030049, 2),
       (393024, 68883116, 2),
       (273969, 70340678, 4),
       (366278, 78322840, 5),
       (421499, 73347247, 2),
       (446978, 51804914, 4),
       (283634, 45826210, 3),
       (463365, 21247375, 1),
       (307937, 23361366, 5),
       (383133, 89104405, 5),
       (337087, 98044116, 2),
       (372763, 47437930, 5),
       (468826, 50116889, 1),
       (27601, 46263534, 1),
       (360395, 20651322, 3),
       (129688, 43440264, 1),
       (397728, 55839785, 4),
       (290172, 55128672, 5),
       (133265, 77446350, 5),
       (357275, 25774053, 3),
       (490935, 85413676, 2),
       (207230, 42773978, 3),
       (190082, 98037794, 4),
       (461195, 48058061, 2),
       (420568, 58357196, 4),
       (377460, 72485005, 3),
       (149608, 33334988, 5),
       (435495, 59599361, 1),
       (414835, 62093963, 3),
       (16482, 21210004, 5),
       (277472, 16844153, 4),
       (75307, 15119630, 1),
       (189851, 63495764, 2),
       (148585, 87317432, 1),
       (456062, 35144924, 4),
       (174253, 25242635, 4),
       (109156, 87489819, 2),
       (106629, 78694670, 4),
       (372408, 80018675, 3),
       (104314, 40059017, 4),
       (296095, 36265713, 2),
       (131649, 67437899, 4),
       (198676, 59173120, 2),
       (413457, 69459263, 3),
       (238835, 94076193, 4),
       (76441, 84785653, 5),
       (322588, 49868240, 2),
       (54757, 79710344, 4),
       (11198, 16519531, 2),
       (405247, 68919643, 4),
       (176260, 44765999, 1),
       (391360, 80221107, 1),
       (162600, 53482739, 5),
       (128461, 90467664, 3),
       (342395, 74530985, 5),
       (401819, 59498622, 2),
       (300037, 17778002, 2),
       (303441, 27858205, 3),
       (149333, 20836890, 3);